YEAR,Month,pre,YearMonth
1901,1,27.4,1901-01-01
1901,2,21.1,1901-02-01
1901,3,33.9,1901-03-01
1901,4,25.4,1901-04-01
1901,5,21.2,1901-05-01
1901,6,3.9,1901-06-01
1901,7,4.1,1901-07-01
1901,8,3.6,1901-08-01
1901,9,15.7,1901-09-01
1901,10,19.9,1901-10-01
1901,11,19.5,1901-11-01
1901,12,22.7,1901-12-01
1902,1,35.3,1902-01-01
1902,2,26.5,1902-02-01
1902,3,35.5,1902-03-01
1902,4,31.2,1902-04-01
1902,5,12.2,1902-05-01
1902,6,2.5,1902-06-01
1902,7,5.1,1902-07-01
1902,8,3.7,1902-08-01
1902,9,7.7,1902-09-01
1902,10,18.3,1902-10-01
1902,11,34.7,1902-11-01
1902,12,29.0,1902-12-01
1903,1,31.4,1903-01-01
1903,2,32.3,1903-02-01
1903,3,44.1,1903-03-01
1903,4,27.0,1903-04-01
1903,5,18.9,1903-05-01
1903,6,4.1,1903-06-01
1903,7,3.9,1903-07-01
1903,8,7.0,1903-08-01
1903,9,5.1,1903-09-01
1903,10,6.4,1903-10-01
1903,11,12.3,1903-11-01
1903,12,26.9,1903-12-01
1904,1,38.1,1904-01-01
1904,2,25.4,1904-02-01
1904,3,42.0,1904-03-01
1904,4,28.1,1904-04-01
1904,5,23.8,1904-05-01
1904,6,3.7,1904-06-01
1904,7,2.7,1904-07-01
1904,8,4.3,1904-08-01
1904,9,6.5,1904-09-01
1904,10,10.1,1904-10-01
1904,11,16.8,1904-11-01
1904,12,39.0,1904-12-01
1905,1,34.2,1905-01-01
1905,2,26.2,1905-02-01
1905,3,42.9,1905-03-01
1905,4,23.2,1905-04-01
1905,5,20.8,1905-05-01
1905,6,3.6,1905-06-01
1905,7,7.8,1905-07-01
1905,8,6.7,1905-08-01
1905,9,3.3,1905-09-01
1905,10,8.8,1905-10-01
1905,11,14.2,1905-11-01
1905,12,29.4,1905-12-01
1906,1,41.5,1906-01-01
1906,2,34.9,1906-02-01
1906,3,33.8,1906-03-01
1906,4,31.4,1906-04-01
1906,5,23.8,1906-05-01
1906,6,9.1,1906-06-01
1906,7,5.5,1906-07-01
1906,8,4.6,1906-08-01
1906,9,5.1,1906-09-01
1906,10,9.1,1906-10-01
1906,11,27.1,1906-11-01
1906,12,30.8,1906-12-01
1907,1,28.6,1907-01-01
1907,2,46.4,1907-02-01
1907,3,37.7,1907-03-01
1907,4,32.1,1907-04-01
1907,5,19.8,1907-05-01
1907,6,2.8,1907-06-01
1907,7,3.0,1907-07-01
1907,8,6.9,1907-08-01
1907,9,5.0,1907-09-01
1907,10,16.6,1907-10-01
1907,11,17.2,1907-11-01
1907,12,23.2,1907-12-01
1908,1,48.4,1908-01-01
1908,2,24.4,1908-02-01
1908,3,38.5,1908-03-01
1908,4,30.3,1908-04-01
1908,5,19.1,1908-05-01
1908,6,4.2,1908-06-01
1908,7,2.7,1908-07-01
1908,8,2.1,1908-08-01
1908,9,6.9,1908-09-01
1908,10,11.9,1908-10-01
1908,11,15.1,1908-11-01
1908,12,28.3,1908-12-01
1909,1,43.3,1909-01-01
1909,2,29.8,1909-02-01
1909,3,34.7,1909-03-01
1909,4,36.7,1909-04-01
1909,5,14.0,1909-05-01
1909,6,5.3,1909-06-01
1909,7,3.8,1909-07-01
1909,8,4.6,1909-08-01
1909,9,3.8,1909-09-01
1909,10,14.5,1909-10-01
1909,11,11.3,1909-11-01
1909,12,33.1,1909-12-01
1910,1,41.2,1910-01-01
1910,2,31.5,1910-02-01
1910,3,48.9,1910-03-01
1910,4,23.6,1910-04-01
1910,5,14.8,1910-05-01
1910,6,3.7,1910-06-01
1910,7,4.3,1910-07-01
1910,8,2.9,1910-08-01
1910,9,5.3,1910-09-01
1910,10,7.5,1910-10-01
1910,11,11.5,1910-11-01
1910,12,27.9,1910-12-01
1911,1,40.0,1911-01-01
1911,2,23.9,1911-02-01
1911,3,51.5,1911-03-01
1911,4,30.8,1911-04-01
1911,5,19.8,1911-05-01
1911,6,3.8,1911-06-01
1911,7,3.4,1911-07-01
1911,8,4.5,1911-08-01
1911,9,3.8,1911-09-01
1911,10,10.2,1911-10-01
1911,11,23.1,1911-11-01
1911,12,34.2,1911-12-01
1912,1,38.4,1912-01-01
1912,2,27.8,1912-02-01
1912,3,29.8,1912-03-01
1912,4,29.4,1912-04-01
1912,5,16.0,1912-05-01
1912,6,6.9,1912-06-01
1912,7,3.2,1912-07-01
1912,8,4.6,1912-08-01
1912,9,2.1,1912-09-01
1912,10,10.7,1912-10-01
1912,11,12.5,1912-11-01
1912,12,29.4,1912-12-01
1913,1,38.2,1913-01-01
1913,2,36.0,1913-02-01
1913,3,29.8,1913-03-01
1913,4,25.0,1913-04-01
1913,5,15.2,1913-05-01
1913,6,2.4,1913-06-01
1913,7,2.8,1913-07-01
1913,8,1.9,1913-08-01
1913,9,4.6,1913-09-01
1913,10,18.6,1913-10-01
1913,11,21.0,1913-11-01
1913,12,34.3,1913-12-01
1914,1,35.2,1914-01-01
1914,2,35.4,1914-02-01
1914,3,31.6,1914-03-01
1914,4,39.4,1914-04-01
1914,5,14.5,1914-05-01
1914,6,6.0,1914-06-01
1914,7,3.3,1914-07-01
1914,8,4.6,1914-08-01
1914,9,3.7,1914-09-01
1914,10,18.2,1914-10-01
1914,11,30.6,1914-11-01
1914,12,27.3,1914-12-01
1915,1,25.4,1915-01-01
1915,2,25.4,1915-02-01
1915,3,55.8,1915-03-01
1915,4,49.7,1915-04-01
1915,5,15.8,1915-05-01
1915,6,8.4,1915-06-01
1915,7,6.3,1915-07-01
1915,8,3.7,1915-08-01
1915,9,4.0,1915-09-01
1915,10,8.6,1915-10-01
1915,11,9.4,1915-11-01
1915,12,21.3,1915-12-01
1916,1,43.5,1916-01-01
1916,2,31.4,1916-02-01
1916,3,35.8,1916-03-01
1916,4,36.2,1916-04-01
1916,5,21.3,1916-05-01
1916,6,3.8,1916-06-01
1916,7,6.3,1916-07-01
1916,8,2.6,1916-08-01
1916,9,7.0,1916-09-01
1916,10,9.4,1916-10-01
1916,11,13.0,1916-11-01
1916,12,23.0,1916-12-01
1917,1,34.7,1917-01-01
1917,2,30.3,1917-02-01
1917,3,25.2,1917-03-01
1917,4,17.3,1917-04-01
1917,5,14.1,1917-05-01
1917,6,2.6,1917-06-01
1917,7,2.7,1917-07-01
1917,8,5.0,1917-08-01
1917,9,2.3,1917-09-01
1917,10,10.8,1917-10-01
1917,11,10.1,1917-11-01
1917,12,27.9,1917-12-01
1918,1,28.1,1918-01-01
1918,2,35.3,1918-02-01
1918,3,43.6,1918-03-01
1918,4,33.3,1918-04-01
1918,5,14.6,1918-05-01
1918,6,5.9,1918-06-01
1918,7,3.4,1918-07-01
1918,8,5.4,1918-08-01
1918,9,4.1,1918-09-01
1918,10,10.9,1918-10-01
1918,11,13.8,1918-11-01
1918,12,30.8,1918-12-01
1919,1,37.6,1919-01-01
1919,2,33.0,1919-02-01
1919,3,28.3,1919-03-01
1919,4,32.9,1919-04-01
1919,5,18.3,1919-05-01
1919,6,4.0,1919-06-01
1919,7,3.6,1919-07-01
1919,8,3.3,1919-08-01
1919,9,9.0,1919-09-01
1919,10,9.0,1919-10-01
1919,11,12.2,1919-11-01
1919,12,30.8,1919-12-01
1920,1,45.3,1920-01-01
1920,2,44.9,1920-02-01
1920,3,31.4,1920-03-01
1920,4,32.3,1920-04-01
1920,5,19.8,1920-05-01
1920,6,5.1,1920-06-01
1920,7,5.7,1920-07-01
1920,8,7.2,1920-08-01
1920,9,7.3,1920-09-01
1920,10,14.5,1920-10-01
1920,11,26.7,1920-11-01
1920,12,34.4,1920-12-01
1921,1,29.0,1921-01-01
1921,2,31.6,1921-02-01
1921,3,35.3,1921-03-01
1921,4,32.2,1921-04-01
1921,5,20.3,1921-05-01
1921,6,4.0,1921-06-01
1921,7,5.0,1921-07-01
1921,8,6.3,1921-08-01
1921,9,6.7,1921-09-01
1921,10,7.2,1921-10-01
1921,11,25.0,1921-11-01
1921,12,28.7,1921-12-01
1922,1,32.0,1922-01-01
1922,2,41.1,1922-02-01
1922,3,36.9,1922-03-01
1922,4,25.8,1922-04-01
1922,5,14.3,1922-05-01
1922,6,4.0,1922-06-01
1922,7,3.9,1922-07-01
1922,8,4.0,1922-08-01
1922,9,5.0,1922-09-01
1922,10,7.5,1922-10-01
1922,11,13.2,1922-11-01
1922,12,27.5,1922-12-01
1923,1,39.1,1923-01-01
1923,2,35.5,1923-02-01
1923,3,42.8,1923-03-01
1923,4,39.8,1923-04-01
1923,5,14.3,1923-05-01
1923,6,6.3,1923-06-01
1923,7,5.6,1923-07-01
1923,8,9.5,1923-08-01
1923,9,2.7,1923-09-01
1923,10,13.9,1923-10-01
1923,11,16.6,1923-11-01
1923,12,27.6,1923-12-01
1924,1,53.4,1924-01-01
1924,2,38.5,1924-02-01
1924,3,39.1,1924-03-01
1924,4,30.9,1924-04-01
1924,5,14.7,1924-05-01
1924,6,5.2,1924-06-01
1924,7,3.8,1924-07-01
1924,8,7.1,1924-08-01
1924,9,3.6,1924-09-01
1924,10,17.3,1924-10-01
1924,11,14.6,1924-11-01
1924,12,34.4,1924-12-01
1925,1,29.4,1925-01-01
1925,2,23.6,1925-02-01
1925,3,24.6,1925-03-01
1925,4,25.3,1925-04-01
1925,5,13.4,1925-05-01
1925,6,2.3,1925-06-01
1925,7,5.1,1925-07-01
1925,8,3.1,1925-08-01
1925,9,4.4,1925-09-01
1925,10,20.8,1925-10-01
1925,11,19.6,1925-11-01
1925,12,19.1,1925-12-01
1926,1,40.7,1926-01-01
1926,2,45.5,1926-02-01
1926,3,36.3,1926-03-01
1926,4,31.9,1926-04-01
1926,5,15.3,1926-05-01
1926,6,9.2,1926-06-01
1926,7,5.2,1926-07-01
1926,8,2.7,1926-08-01
1926,9,5.3,1926-09-01
1926,10,5.7,1926-10-01
1926,11,16.6,1926-11-01
1926,12,25.8,1926-12-01
1927,1,26.0,1927-01-01
1927,2,31.3,1927-02-01
1927,3,27.6,1927-03-01
1927,4,29.6,1927-04-01
1927,5,12.8,1927-05-01
1927,6,3.0,1927-06-01
1927,7,4.9,1927-07-01
1927,8,2.4,1927-08-01
1927,9,7.1,1927-09-01
1927,10,8.9,1927-10-01
1927,11,22.3,1927-11-01
1927,12,35.2,1927-12-01
1928,1,39.7,1928-01-01
1928,2,35.2,1928-02-01
1928,3,32.9,1928-03-01
1928,4,23.4,1928-04-01
1928,5,15.0,1928-05-01
1928,6,3.9,1928-06-01
1928,7,5.4,1928-07-01
1928,8,7.3,1928-08-01
1928,9,3.1,1928-09-01
1928,10,10.7,1928-10-01
1928,11,18.4,1928-11-01
1928,12,31.7,1928-12-01
1929,1,38.0,1929-01-01
1929,2,47.9,1929-02-01
1929,3,28.9,1929-03-01
1929,4,17.3,1929-04-01
1929,5,14.2,1929-05-01
1929,6,4.5,1929-06-01
1929,7,4.5,1929-07-01
1929,8,2.1,1929-08-01
1929,9,3.9,1929-09-01
1929,10,9.2,1929-10-01
1929,11,16.6,1929-11-01
1929,12,38.6,1929-12-01
1930,1,45.2,1930-01-01
1930,2,36.3,1930-02-01
1930,3,32.7,1930-03-01
1930,4,31.0,1930-04-01
1930,5,17.7,1930-05-01
1930,6,5.2,1930-06-01
1930,7,3.0,1930-07-01
1930,8,3.0,1930-08-01
1930,9,4.4,1930-09-01
1930,10,13.1,1930-10-01
1930,11,14.2,1930-11-01
1930,12,28.8,1930-12-01
1931,1,44.7,1931-01-01
1931,2,42.7,1931-02-01
1931,3,29.4,1931-03-01
1931,4,30.4,1931-04-01
1931,5,20.4,1931-05-01
1931,6,5.2,1931-06-01
1931,7,5.3,1931-07-01
1931,8,5.5,1931-08-01
1931,9,2.4,1931-09-01
1931,10,9.2,1931-10-01
1931,11,24.9,1931-11-01
1931,12,32.6,1931-12-01
1932,1,38.0,1932-01-01
1932,2,26.3,1932-02-01
1932,3,37.8,1932-03-01
1932,4,26.2,1932-04-01
1932,5,13.0,1932-05-01
1932,6,5.4,1932-06-01
1932,7,8.4,1932-07-01
1932,8,4.8,1932-08-01
1932,9,6.5,1932-09-01
1932,10,8.5,1932-10-01
1932,11,18.4,1932-11-01
1932,12,31.8,1932-12-01
1933,1,34.1,1933-01-01
1933,2,29.1,1933-02-01
1933,3,41.4,1933-03-01
1933,4,26.4,1933-04-01
1933,5,11.9,1933-05-01
1933,6,5.5,1933-06-01
1933,7,3.5,1933-07-01
1933,8,3.0,1933-08-01
1933,9,3.2,1933-09-01
1933,10,9.8,1933-10-01
1933,11,17.7,1933-11-01
1933,12,27.9,1933-12-01
1934,1,32.5,1934-01-01
1934,2,34.2,1934-02-01
1934,3,33.3,1934-03-01
1934,4,39.7,1934-04-01
1934,5,24.8,1934-05-01
1934,6,5.3,1934-06-01
1934,7,3.7,1934-07-01
1934,8,3.9,1934-08-01
1934,9,4.7,1934-09-01
1934,10,8.3,1934-10-01
1934,11,18.5,1934-11-01
1934,12,31.2,1934-12-01
1935,1,30.5,1935-01-01
1935,2,32.2,1935-02-01
1935,3,33.5,1935-03-01
1935,4,24.8,1935-04-01
1935,5,19.9,1935-05-01
1935,6,9.3,1935-06-01
1935,7,4.3,1935-07-01
1935,8,2.7,1935-08-01
1935,9,6.6,1935-09-01
1935,10,10.7,1935-10-01
1935,11,31.2,1935-11-01
1935,12,31.9,1935-12-01
1936,1,29.6,1936-01-01
1936,2,33.9,1936-02-01
1936,3,36.1,1936-03-01
1936,4,25.8,1936-04-01
1936,5,18.6,1936-05-01
1936,6,5.5,1936-06-01
1936,7,6.9,1936-07-01
1936,8,3.9,1936-08-01
1936,9,4.1,1936-09-01
1936,10,10.1,1936-10-01
1936,11,17.8,1936-11-01
1936,12,26.9,1936-12-01
1937,1,34.6,1937-01-01
1937,2,35.6,1937-02-01
1937,3,27.7,1937-03-01
1937,4,23.2,1937-04-01
1937,5,23.5,1937-05-01
1937,6,4.1,1937-06-01
1937,7,2.9,1937-07-01
1937,8,3.1,1937-08-01
1937,9,3.4,1937-09-01
1937,10,13.6,1937-10-01
1937,11,19.1,1937-11-01
1937,12,19.8,1937-12-01
1938,1,38.9,1938-01-01
1938,2,32.4,1938-02-01
1938,3,34.7,1938-03-01
1938,4,21.4,1938-04-01
1938,5,16.5,1938-05-01
1938,6,2.2,1938-06-01
1938,7,4.4,1938-07-01
1938,8,6.1,1938-08-01
1938,9,6.1,1938-09-01
1938,10,8.0,1938-10-01
1938,11,17.6,1938-11-01
1938,12,46.7,1938-12-01
1939,1,33.4,1939-01-01
1939,2,36.9,1939-02-01
1939,3,39.9,1939-03-01
1939,4,45.7,1939-04-01
1939,5,12.9,1939-05-01
1939,6,4.3,1939-06-01
1939,7,5.4,1939-07-01
1939,8,3.1,1939-08-01
1939,9,3.3,1939-09-01
1939,10,12.7,1939-10-01
1939,11,25.4,1939-11-01
1939,12,26.5,1939-12-01
1940,1,43.1,1940-01-01
1940,2,37.0,1940-02-01
1940,3,28.6,1940-03-01
1940,4,20.2,1940-04-01
1940,5,17.2,1940-05-01
1940,6,4.0,1940-06-01
1940,7,4.7,1940-07-01
1940,8,2.7,1940-08-01
1940,9,4.1,1940-09-01
1940,10,15.9,1940-10-01
1940,11,20.6,1940-11-01
1940,12,29.1,1940-12-01
1941,1,33.1,1941-01-01
1941,2,31.7,1941-02-01
1941,3,37.1,1941-03-01
1941,4,58.5,1941-04-01
1941,5,13.0,1941-05-01
1941,6,2.1,1941-06-01
1941,7,2.5,1941-07-01
1941,8,4.0,1941-08-01
1941,9,5.6,1941-09-01
1941,10,5.5,1941-10-01
1941,11,19.6,1941-11-01
1941,12,31.4,1941-12-01
1942,1,28.6,1942-01-01
1942,2,51.7,1942-02-01
1942,3,36.4,1942-03-01
1942,4,31.9,1942-04-01
1942,5,14.5,1942-05-01
1942,6,4.3,1942-06-01
1942,7,2.8,1942-07-01
1942,8,1.9,1942-08-01
1942,9,7.5,1942-09-01
1942,10,12.9,1942-10-01
1942,11,19.1,1942-11-01
1942,12,23.5,1942-12-01
1943,1,38.6,1943-01-01
1943,2,44.4,1943-02-01
1943,3,54.8,1943-03-01
1943,4,23.7,1943-04-01
1943,5,20.1,1943-05-01
1943,6,4.1,1943-06-01
1943,7,4.4,1943-07-01
1943,8,4.1,1943-08-01
1943,9,6.0,1943-09-01
1943,10,12.5,1943-10-01
1943,11,18.7,1943-11-01
1943,12,32.6,1943-12-01
1944,1,33.9,1944-01-01
1944,2,28.1,1944-02-01
1944,3,31.1,1944-03-01
1944,4,24.2,1944-04-01
1944,5,16.7,1944-05-01
1944,6,2.7,1944-06-01
1944,7,2.4,1944-07-01
1944,8,3.2,1944-08-01
1944,9,2.1,1944-09-01
1944,10,6.2,1944-10-01
1944,11,13.2,1944-11-01
1944,12,23.0,1944-12-01
1945,1,47.6,1945-01-01
1945,2,25.5,1945-02-01
1945,3,34.8,1945-03-01
1945,4,19.6,1945-04-01
1945,5,20.5,1945-05-01
1945,6,6.6,1945-06-01
1945,7,3.5,1945-07-01
1945,8,3.5,1945-08-01
1945,9,3.4,1945-09-01
1945,10,6.8,1945-10-01
1945,11,27.3,1945-11-01
1945,12,37.4,1945-12-01
1946,1,44.9,1946-01-01
1946,2,32.1,1946-02-01
1946,3,46.3,1946-03-01
1946,4,32.1,1946-04-01
1946,5,12.1,1946-05-01
1946,6,4.4,1946-06-01
1946,7,6.4,1946-07-01
1946,8,2.1,1946-08-01
1946,9,3.8,1946-09-01
1946,10,13.4,1946-10-01
1946,11,15.1,1946-11-01
1946,12,25.8,1946-12-01
1947,1,35.6,1947-01-01
1947,2,32.2,1947-02-01
1947,3,40.8,1947-03-01
1947,4,23.4,1947-04-01
1947,5,19.6,1947-05-01
1947,6,3.2,1947-06-01
1947,7,3.3,1947-07-01
1947,8,4.2,1947-08-01
1947,9,6.4,1947-09-01
1947,10,6.8,1947-10-01
1947,11,15.2,1947-11-01
1947,12,23.2,1947-12-01
1948,1,26.2,1948-01-01
1948,2,28.2,1948-02-01
1948,3,33.0,1948-03-01
1948,4,39.8,1948-04-01
1948,5,13.1,1948-05-01
1948,6,5.9,1948-06-01
1948,7,3.6,1948-07-01
1948,8,2.0,1948-08-01
1948,9,7.2,1948-09-01
1948,10,5.8,1948-10-01
1948,11,13.0,1948-11-01
1948,12,40.6,1948-12-01
1949,1,35.5,1949-01-01
1949,2,30.3,1949-02-01
1949,3,44.7,1949-03-01
1949,4,31.9,1949-04-01
1949,5,15.2,1949-05-01
1949,6,3.2,1949-06-01
1949,7,1.4,1949-07-01
1949,8,4.4,1949-08-01
1949,9,3.6,1949-09-01
1949,10,11.2,1949-10-01
1949,11,10.5,1949-11-01
1949,12,36.1,1949-12-01
1950,1,40.2,1950-01-01
1950,2,25.4,1950-02-01
1950,3,36.8,1950-03-01
1950,4,19.2,1950-04-01
1950,5,17.3,1950-05-01
1950,6,5.9,1950-06-01
1950,7,2.5,1950-07-01
1950,8,4.0,1950-08-01
1950,9,2.4,1950-09-01
1950,10,7.8,1950-10-01
1950,11,12.3,1950-11-01
1950,12,22.7,1950-12-01
1951,1,37.9,1951-01-01
1951,2,47.1,1951-02-01
1951,3,32.6,1951-03-01
1951,4,17.2,1951-04-01
1951,5,24.5,1951-05-01
1951,6,5.3,1951-06-01
1951,7,1.8,1951-07-01
1951,8,3.2,1951-08-01
1951,9,9.9,1951-09-01
1951,10,21.0,1951-10-01
1951,11,15.2,1951-11-01
1951,12,32.6,1951-12-01
1952,1,37.8,1952-01-01
1952,2,33.9,1952-02-01
1952,3,30.6,1952-03-01
1952,4,35.3,1952-04-01
1952,5,21.2,1952-05-01
1952,6,5.7,1952-06-01
1952,7,2.0,1952-07-01
1952,8,2.3,1952-08-01
1952,9,6.1,1952-09-01
1952,10,4.8,1952-10-01
1952,11,16.5,1952-11-01
1952,12,32.9,1952-12-01
1953,1,22.7,1953-01-01
1953,2,41.1,1953-02-01
1953,3,39.2,1953-03-01
1953,4,32.6,1953-04-01
1953,5,16.6,1953-05-01
1953,6,5.1,1953-06-01
1953,7,4.0,1953-07-01
1953,8,1.1,1953-08-01
1953,9,6.7,1953-09-01
1953,10,13.1,1953-10-01
1953,11,29.8,1953-11-01
1953,12,41.8,1953-12-01
1954,1,23.4,1954-01-01
1954,2,47.2,1954-02-01
1954,3,47.6,1954-03-01
1954,4,32.1,1954-04-01
1954,5,10.7,1954-05-01
1954,6,4.0,1954-06-01
1954,7,6.1,1954-07-01
1954,8,3.0,1954-08-01
1954,9,3.8,1954-09-01
1954,10,4.0,1954-10-01
1954,11,42.0,1954-11-01
1954,12,38.5,1954-12-01
1955,1,32.5,1955-01-01
1955,2,16.1,1955-02-01
1955,3,52.7,1955-03-01
1955,4,25.6,1955-04-01
1955,5,21.9,1955-05-01
1955,6,4.5,1955-06-01
1955,7,4.3,1955-07-01
1955,8,2.2,1955-08-01
1955,9,5.1,1955-09-01
1955,10,3.9,1955-10-01
1955,11,19.1,1955-11-01
1955,12,39.3,1955-12-01
1956,1,47.7,1956-01-01
1956,2,30.1,1956-02-01
1956,3,54.8,1956-03-01
1956,4,34.2,1956-04-01
1956,5,8.9,1956-05-01
1956,6,1.6,1956-06-01
1956,7,5.3,1956-07-01
1956,8,2.4,1956-08-01
1956,9,8.8,1956-09-01
1956,10,4.5,1956-10-01
1956,11,6.2,1956-11-01
1956,12,35.2,1956-12-01
1957,1,67.0,1957-01-01
1957,2,31.5,1957-02-01
1957,3,44.7,1957-03-01
1957,4,46.2,1957-04-01
1957,5,31.0,1957-05-01
1957,6,10.6,1957-06-01
1957,7,3.6,1957-07-01
1957,8,5.2,1957-08-01
1957,9,2.5,1957-09-01
1957,10,23.7,1957-10-01
1957,11,41.4,1957-11-01
1957,12,30.1,1957-12-01
1958,1,50.6,1958-01-01
1958,2,10.7,1958-02-01
1958,3,24.4,1958-03-01
1958,4,14.9,1958-04-01
1958,5,9.6,1958-05-01
1958,6,8.6,1958-06-01
1958,7,5.5,1958-07-01
1958,8,2.0,1958-08-01
1958,9,3.7,1958-09-01
1958,10,9.1,1958-10-01
1958,11,13.1,1958-11-01
1958,12,37.4,1958-12-01
1959,1,47.0,1959-01-01
1959,2,28.4,1959-02-01
1959,3,34.4,1959-03-01
1959,4,20.0,1959-04-01
1959,5,26.3,1959-05-01
1959,6,5.6,1959-06-01
1959,7,1.6,1959-07-01
1959,8,3.6,1959-08-01
1959,9,3.8,1959-09-01
1959,10,9.3,1959-10-01
1959,11,25.5,1959-11-01
1959,12,17.9,1959-12-01
1960,1,24.5,1960-01-01
1960,2,14.4,1960-02-01
1960,3,46.4,1960-03-01
1960,4,43.2,1960-04-01
1960,5,10.1,1960-05-01
1960,6,3.0,1960-06-01
1960,7,4.2,1960-07-01
1960,8,1.6,1960-08-01
1960,9,5.2,1960-09-01
1960,10,4.1,1960-10-01
1960,11,23.1,1960-11-01
1960,12,11.9,1960-12-01
1961,1,42.0,1961-01-01
1961,2,25.5,1961-02-01
1961,3,32.5,1961-03-01
1961,4,55.4,1961-04-01
1961,5,13.5,1961-05-01
1961,6,4.7,1961-06-01
1961,7,3.2,1961-07-01
1961,8,2.3,1961-08-01
1961,9,5.0,1961-09-01
1961,10,5.4,1961-10-01
1961,11,20.4,1961-11-01
1961,12,18.2,1961-12-01
1962,1,21.9,1962-01-01
1962,2,20.8,1962-02-01
1962,3,15.1,1962-03-01
1962,4,62.2,1962-04-01
1962,5,12.7,1962-05-01
1962,6,7.3,1962-06-01
1962,7,4.0,1962-07-01
1962,8,5.2,1962-08-01
1962,9,4.9,1962-09-01
1962,10,10.9,1962-10-01
1962,11,13.5,1962-11-01
1962,12,21.6,1962-12-01
1963,1,15.0,1963-01-01
1963,2,28.6,1963-02-01
1963,3,32.1,1963-03-01
1963,4,34.5,1963-04-01
1963,5,52.0,1963-05-01
1963,6,4.4,1963-06-01
1963,7,2.4,1963-07-01
1963,8,6.7,1963-08-01
1963,9,4.2,1963-09-01
1963,10,11.3,1963-10-01
1963,11,26.2,1963-11-01
1963,12,33.7,1963-12-01
1964,1,30.2,1964-01-01
1964,2,46.3,1964-02-01
1964,3,39.3,1964-03-01
1964,4,30.5,1964-04-01
1964,5,3.3,1964-05-01
1964,6,2.1,1964-06-01
1964,7,2.2,1964-07-01
1964,8,3.4,1964-08-01
1964,9,1.5,1964-09-01
1964,10,2.9,1964-10-01
1964,11,10.1,1964-11-01
1964,12,31.4,1964-12-01
1965,1,78.4,1965-01-01
1965,2,13.9,1965-02-01
1965,3,20.1,1965-03-01
1965,4,23.3,1965-04-01
1965,5,12.2,1965-05-01
1965,6,4.4,1965-06-01
1965,7,3.7,1965-07-01
1965,8,3.0,1965-08-01
1965,9,10.1,1965-09-01
1965,10,24.4,1965-10-01
1965,11,11.5,1965-11-01
1965,12,9.5,1965-12-01
1966,1,18.7,1966-01-01
1966,2,44.8,1966-02-01
1966,3,29.3,1966-03-01
1966,4,23.8,1966-04-01
1966,5,12.6,1966-05-01
1966,6,1.8,1966-06-01
1966,7,2.6,1966-07-01
1966,8,3.3,1966-08-01
1966,9,9.2,1966-09-01
1966,10,24.9,1966-10-01
1966,11,2.6,1966-11-01
1966,12,12.3,1966-12-01
1967,1,20.2,1967-01-01
1967,2,43.0,1967-02-01
1967,3,21.4,1967-03-01
1967,4,34.5,1967-04-01
1967,5,19.7,1967-05-01
1967,6,3.0,1967-06-01
1967,7,3.0,1967-07-01
1967,8,1.2,1967-08-01
1967,9,6.5,1967-09-01
1967,10,15.6,1967-10-01
1967,11,29.0,1967-11-01
1967,12,15.3,1967-12-01
1968,1,19.4,1968-01-01
1968,2,50.0,1968-02-01
1968,3,30.5,1968-03-01
1968,4,45.0,1968-04-01
1968,5,28.4,1968-05-01
1968,6,10.6,1968-06-01
1968,7,2.4,1968-07-01
1968,8,1.7,1968-08-01
1968,9,1.6,1968-09-01
1968,10,11.0,1968-10-01
1968,11,31.0,1968-11-01
1968,12,40.3,1968-12-01
1969,1,78.0,1969-01-01
1969,2,25.1,1969-02-01
1969,3,39.4,1969-03-01
1969,4,50.5,1969-04-01
1969,5,20.1,1969-05-01
1969,6,5.9,1969-06-01
1969,7,3.9,1969-07-01
1969,8,4.3,1969-08-01
1969,9,11.4,1969-09-01
1969,10,20.9,1969-10-01
1969,11,19.7,1969-11-01
1969,12,15.4,1969-12-01
1970,1,52.6,1970-01-01
1970,2,10.9,1970-02-01
1970,3,38.7,1970-03-01
1970,4,18.6,1970-04-01
1970,5,9.8,1970-05-01
1970,6,2.1,1970-06-01
1970,7,4.2,1970-07-01
1970,8,6.3,1970-08-01
1970,9,2.4,1970-09-01
1970,10,4.7,1970-10-01
1970,11,8.5,1970-11-01
1970,12,23.6,1970-12-01
1971,1,16.5,1971-01-01
1971,2,28.9,1971-02-01
1971,3,23.5,1971-03-01
1971,4,43.7,1971-04-01
1971,5,9.8,1971-05-01
1971,6,2.5,1971-06-01
1971,7,2.5,1971-07-01
1971,8,2.2,1971-08-01
1971,9,1.0,1971-09-01
1971,10,7.5,1971-10-01
1971,11,27.8,1971-11-01
1971,12,32.6,1971-12-01
1972,1,59.6,1972-01-01
1972,2,30.5,1972-02-01
1972,3,71.9,1972-03-01
1972,4,33.0,1972-04-01
1972,5,39.7,1972-05-01
1972,6,9.6,1972-06-01
1972,7,3.2,1972-07-01
1972,8,6.8,1972-08-01
1972,9,4.2,1972-09-01
1972,10,7.5,1972-10-01
1972,11,19.8,1972-11-01
1972,12,34.3,1972-12-01
1973,1,30.1,1973-01-01
1973,2,21.5,1973-02-01
1973,3,24.5,1973-03-01
1973,4,16.1,1973-04-01
1973,5,8.5,1973-05-01
1973,6,3.6,1973-06-01
1973,7,5.6,1973-07-01
1973,8,2.2,1973-08-01
1973,9,3.9,1973-09-01
1973,10,2.7,1973-10-01
1973,11,7.8,1973-11-01
1973,12,18.2,1973-12-01
1974,1,62.3,1974-01-01
1974,2,50.8,1974-02-01
1974,3,38.5,1974-03-01
1974,4,31.5,1974-04-01
1974,5,7.7,1974-05-01
1974,6,4.6,1974-06-01
1974,7,8.7,1974-07-01
1974,8,3.4,1974-08-01
1974,9,9.7,1974-09-01
1974,10,1.8,1974-10-01
1974,11,8.3,1974-11-01
1974,12,49.5,1974-12-01
1975,1,43.8,1975-01-01
1975,2,24.8,1975-02-01
1975,3,21.1,1975-03-01
1975,4,31.2,1975-04-01
1975,5,28.3,1975-05-01
1975,6,4.7,1975-06-01
1975,7,1.9,1975-07-01
1975,8,4.6,1975-08-01
1975,9,7.8,1975-09-01
1975,10,8.0,1975-10-01
1975,11,23.5,1975-11-01
1975,12,37.7,1975-12-01
1976,1,22.2,1976-01-01
1976,2,63.9,1976-02-01
1976,3,61.2,1976-03-01
1976,4,46.2,1976-04-01
1976,5,23.3,1976-05-01
1976,6,5.3,1976-06-01
1976,7,13.2,1976-07-01
1976,8,0.3,1976-08-01
1976,9,6.6,1976-09-01
1976,10,20.8,1976-10-01
1976,11,14.9,1976-11-01
1976,12,31.9,1976-12-01
1977,1,67.0,1977-01-01
1977,2,8.8,1977-02-01
1977,3,20.6,1977-03-01
1977,4,45.5,1977-04-01
1977,5,22.6,1977-05-01
1977,6,6.3,1977-06-01
1977,7,4.8,1977-07-01
1977,8,9.3,1977-08-01
1977,9,3.3,1977-09-01
1977,10,26.8,1977-10-01
1977,11,24.4,1977-11-01
1977,12,38.7,1977-12-01
1978,1,34.3,1978-01-01
1978,2,37.6,1978-02-01
1978,3,32.2,1978-03-01
1978,4,14.1,1978-04-01
1978,5,20.5,1978-05-01
1978,6,8.4,1978-06-01
1978,7,3.6,1978-07-01
1978,8,0.9,1978-08-01
1978,9,1.3,1978-09-01
1978,10,6.2,1978-10-01
1978,11,33.5,1978-11-01
1978,12,34.3,1978-12-01
1979,1,60.8,1979-01-01
1979,2,27.2,1979-02-01
1979,3,43.8,1979-03-01
1979,4,14.8,1979-04-01
1979,5,22.0,1979-05-01
1979,6,8.5,1979-06-01
1979,7,1.5,1979-07-01
1979,8,1.9,1979-08-01
1979,9,2.9,1979-09-01
1979,10,11.6,1979-10-01
1979,11,8.5,1979-11-01
1979,12,56.2,1979-12-01
1980,1,41.8,1980-01-01
1980,2,55.3,1980-02-01
1980,3,43.7,1980-03-01
1980,4,16.9,1980-04-01
1980,5,10.6,1980-05-01
1980,6,2.1,1980-06-01
1980,7,0.7,1980-07-01
1980,8,2.5,1980-08-01
1980,9,4.1,1980-09-01
1980,10,12.2,1980-10-01
1980,11,15.9,1980-11-01
1980,12,26.7,1980-12-01
1981,1,38.2,1981-01-01
1981,2,35.1,1981-02-01
1981,3,39.6,1981-03-01
1981,4,29.6,1981-04-01
1981,5,27.8,1981-05-01
1981,6,7.9,1981-06-01
1981,7,6.0,1981-07-01
1981,8,3.8,1981-08-01
1981,9,6.0,1981-09-01
1981,10,11.9,1981-10-01
1981,11,14.9,1981-11-01
1981,12,14.0,1981-12-01
1982,1,43.7,1982-01-01
1982,2,54.4,1982-02-01
1982,3,63.1,1982-03-01
1982,4,21.3,1982-04-01
1982,5,26.2,1982-05-01
1982,6,5.4,1982-06-01
1982,7,3.0,1982-07-01
1982,8,2.4,1982-08-01
1982,9,5.6,1982-09-01
1982,10,39.1,1982-10-01
1982,11,42.9,1982-11-01
1982,12,35.4,1982-12-01
1983,1,34.8,1983-01-01
1983,2,21.6,1983-02-01
1983,3,38.4,1983-03-01
1983,4,38.7,1983-04-01
1983,5,20.6,1983-05-01
1983,6,4.8,1983-06-01
1983,7,2.8,1983-07-01
1983,8,11.2,1983-08-01
1983,9,5.3,1983-09-01
1983,10,3.6,1983-10-01
1983,11,11.1,1983-11-01
1983,12,25.4,1983-12-01
1984,1,28.2,1984-01-01
1984,2,15.7,1984-02-01
1984,3,48.9,1984-03-01
1984,4,17.7,1984-04-01
1984,5,23.2,1984-05-01
1984,6,2.0,1984-06-01
1984,7,2.0,1984-07-01
1984,8,4.2,1984-08-01
1984,9,2.1,1984-09-01
1984,10,12.2,1984-10-01
1984,11,31.4,1984-11-01
1984,12,37.1,1984-12-01
1985,1,35.2,1985-01-01
1985,2,22.4,1985-02-01
1985,3,23.3,1985-03-01
1985,4,14.8,1985-04-01
1985,5,8.9,1985-05-01
1985,6,1.8,1985-06-01
1985,7,1.8,1985-07-01
1985,8,3.8,1985-08-01
1985,9,2.2,1985-09-01
1985,10,8.5,1985-10-01
1985,11,16.1,1985-11-01
1985,12,37.8,1985-12-01
1986,1,12.9,1986-01-01
1986,2,36.3,1986-02-01
1986,3,48.7,1986-03-01
1986,4,32.2,1986-04-01
1986,5,22.1,1986-05-01
1986,6,7.6,1986-06-01
1986,7,2.0,1986-07-01
1986,8,8.7,1986-08-01
1986,9,4.6,1986-09-01
1986,10,9.7,1986-10-01
1986,11,40.3,1986-11-01
1986,12,54.0,1986-12-01
1987,1,6.2,1987-01-01
1987,2,23.1,1987-02-01
1987,3,61.1,1987-03-01
1987,4,16.0,1987-04-01
1987,5,12.4,1987-05-01
1987,6,1.8,1987-06-01
1987,7,8.5,1987-07-01
1987,8,5.9,1987-08-01
1987,9,4.7,1987-09-01
1987,10,42.1,1987-10-01
1987,11,7.3,1987-11-01
1987,12,31.0,1987-12-01
1988,1,37.8,1988-01-01
1988,2,53.1,1988-02-01
1988,3,36.4,1988-03-01
1988,4,35.5,1988-04-01
1988,5,7.7,1988-05-01
1988,6,5.1,1988-06-01
1988,7,11.9,1988-07-01
1988,8,10.1,1988-08-01
1988,9,5.7,1988-09-01
1988,10,7.7,1988-10-01
1988,11,8.9,1988-11-01
1988,12,22.3,1988-12-01
1989,1,21.5,1989-01-01
1989,2,25.4,1989-02-01
1989,3,39.8,1989-03-01
1989,4,10.3,1989-04-01
1989,5,8.5,1989-05-01
1989,6,1.9,1989-06-01
1989,7,1.7,1989-07-01
1989,8,2.6,1989-08-01
1989,9,6.4,1989-09-01
1989,10,11.2,1989-10-01
1989,11,20.7,1989-11-01
1989,12,48.4,1989-12-01
1990,1,35.0,1990-01-01
1990,2,41.2,1990-02-01
1990,3,17.4,1990-03-01
1990,4,26.1,1990-04-01
1990,5,8.0,1990-05-01
1990,6,1.1,1990-06-01
1990,7,2.8,1990-07-01
1990,8,2.1,1990-08-01
1990,9,1.0,1990-09-01
1990,10,12.7,1990-10-01
1990,11,6.9,1990-11-01
1990,12,25.6,1990-12-01
1991,1,45.9,1991-01-01
1991,2,31.3,1991-02-01
1991,3,67.9,1991-03-01
1991,4,14.0,1991-04-01
1991,5,14.5,1991-05-01
1991,6,3.2,1991-06-01
1991,7,2.2,1991-07-01
1991,8,1.1,1991-08-01
1991,9,2.1,1991-09-01
1991,10,11.3,1991-10-01
1991,11,13.6,1991-11-01
1991,12,57.3,1991-12-01
1992,1,43.0,1992-01-01
1992,2,28.5,1992-02-01
1992,3,38.2,1992-03-01
1992,4,37.1,1992-04-01
1992,5,38.3,1992-05-01
1992,6,8.3,1992-06-01
1992,7,3.5,1992-07-01
1992,8,5.8,1992-08-01
1992,9,4.2,1992-09-01
1992,10,5.2,1992-10-01
1992,11,13.6,1992-11-01
1992,12,53.7,1992-12-01
1993,1,41.7,1993-01-01
1993,2,61.0,1993-02-01
1993,3,34.1,1993-03-01
1993,4,32.1,1993-04-01
1993,5,25.1,1993-05-01
1993,6,7.8,1993-06-01
1993,7,4.1,1993-07-01
1993,8,3.2,1993-08-01
1993,9,3.8,1993-09-01
1993,10,8.5,1993-10-01
1993,11,31.8,1993-11-01
1993,12,9.2,1993-12-01
1994,1,28.7,1994-01-01
1994,2,16.2,1994-02-01
1994,3,44.2,1994-03-01
1994,4,19.8,1994-04-01
1994,5,19.0,1994-05-01
1994,6,5.3,1994-06-01
1994,7,3.7,1994-07-01
1994,8,3.4,1994-08-01
1994,9,3.7,1994-09-01
1994,10,19.4,1994-10-01
1994,11,44.7,1994-11-01
1994,12,22.1,1994-12-01
1995,1,11.3,1995-01-01
1995,2,34.5,1995-02-01
1995,3,30.5,1995-03-01
1995,4,42.0,1995-04-01
1995,5,21.4,1995-05-01
1995,6,7.2,1995-06-01
1995,7,5.4,1995-07-01
1995,8,0.9,1995-08-01
1995,9,10.1,1995-09-01
1995,10,7.1,1995-10-01
1995,11,4.6,1995-11-01
1995,12,38.6,1995-12-01
1996,1,44.8,1996-01-01
1996,2,47.9,1996-02-01
1996,3,73.3,1996-03-01
1996,4,33.2,1996-04-01
1996,5,19.7,1996-05-01
1996,6,4.6,1996-06-01
1996,7,3.5,1996-07-01
1996,8,2.7,1996-08-01
1996,9,4.6,1996-09-01
1996,10,9.7,1996-10-01
1996,11,8.1,1996-11-01
1996,12,12.3,1996-12-01
1997,1,33.9,1997-01-01
1997,2,8.7,1997-02-01
1997,3,59.1,1997-03-01
1997,4,27.5,1997-04-01
1997,5,14.1,1997-05-01
1997,6,7.6,1997-06-01
1997,7,5.5,1997-07-01
1997,8,1.3,1997-08-01
1997,9,5.9,1997-09-01
1997,10,10.0,1997-10-01
1997,11,23.5,1997-11-01
1997,12,33.0,1997-12-01
1998,1,53.6,1998-01-01
1998,2,44.8,1998-02-01
1998,3,43.6,1998-03-01
1998,4,23.2,1998-04-01
1998,5,15.2,1998-05-01
1998,6,2.5,1998-06-01
1998,7,6.1,1998-07-01
1998,8,4.0,1998-08-01
1998,9,8.6,1998-09-01
1998,10,8.0,1998-10-01
1998,11,6.2,1998-11-01
1998,12,6.9,1998-12-01
1999,1,37.6,1999-01-01
1999,2,38.2,1999-02-01
1999,3,48.1,1999-03-01
1999,4,14.4,1999-04-01
1999,5,8.1,1999-05-01
1999,6,1.2,1999-06-01
1999,7,4.9,1999-07-01
1999,8,5.1,1999-08-01
1999,9,8.2,1999-09-01
1999,10,9.6,1999-10-01
1999,11,20.3,1999-11-01
1999,12,13.4,1999-12-01
2000,1,44.4,2000-01-01
2000,2,13.9,2000-02-01
2000,3,17.5,2000-03-01
2000,4,6.2,2000-04-01
2000,5,4.2,2000-05-01
2000,6,2.9,2000-06-01
2000,7,1.6,2000-07-01
2000,8,1.6,2000-08-01
2000,9,7.9,2000-09-01
2000,10,22.3,2000-10-01
2000,11,28.8,2000-11-01
2000,12,46.4,2000-12-01
2001,1,18.8,2001-01-01
2001,2,14.9,2001-02-01
2001,3,24.1,2001-03-01
2001,4,7.4,2001-04-01
2001,5,12.6,2001-05-01
2001,6,4.0,2001-06-01
2001,7,2.9,2001-07-01
2001,8,3.1,2001-08-01
2001,9,4.1,2001-09-01
2001,10,11.4,2001-10-01
2001,11,13.7,2001-11-01
2001,12,45.8,2001-12-01
2002,1,36.9,2002-01-01
2002,2,18.7,2002-02-01
2002,3,22.0,2002-03-01
2002,4,43.5,2002-04-01
2002,5,13.7,2002-05-01
2002,6,1.4,2002-06-01
2002,7,2.7,2002-07-01
2002,8,3.6,2002-08-01
2002,9,1.0,2002-09-01
2002,10,6.1,2002-10-01
2002,11,25.4,2002-11-01
2002,12,28.5,2002-12-01
2003,1,34.4,2003-01-01
2003,2,28.6,2003-02-01
2003,3,40.5,2003-03-01
2003,4,40.2,2003-04-01
2003,5,14.4,2003-05-01
2003,6,4.1,2003-06-01
2003,7,3.6,2003-07-01
2003,8,4.3,2003-08-01
2003,9,4.6,2003-09-01
2003,10,8.7,2003-10-01
2003,11,16.0,2003-11-01
2003,12,36.1,2003-12-01
2004,1,56.6,2004-01-01
2004,2,12.4,2004-02-01
2004,3,24.6,2004-03-01
2004,4,41.0,2004-04-01
2004,5,18.5,2004-05-01
2004,6,4.0,2004-06-01
2004,7,9.2,2004-07-01
2004,8,1.1,2004-08-01
2004,9,4.0,2004-09-01
2004,10,6.5,2004-10-01
2004,11,26.0,2004-11-01
2004,12,54.0,2004-12-01
2005,1,45.9,2005-01-01
2005,2,32.3,2005-02-01
2005,3,40.1,2005-03-01
2005,4,13.3,2005-04-01
2005,5,17.7,2005-05-01
2005,6,3.8,2005-06-01
2005,7,1.7,2005-07-01
2005,8,5.0,2005-08-01
2005,9,2.9,2005-09-01
2005,10,4.1,2005-10-01
2005,11,23.2,2005-11-01
2005,12,19.1,2005-12-01
2006,1,42.7,2006-01-01
2006,2,28.8,2006-02-01
2006,3,21.5,2006-03-01
2006,4,29.3,2006-04-01
2006,5,6.9,2006-05-01
2006,6,0.6,2006-06-01
2006,7,3.4,2006-07-01
2006,8,1.5,2006-08-01
2006,9,4.7,2006-09-01
2006,10,17.6,2006-10-01
2006,11,22.9,2006-11-01
2006,12,51.2,2006-12-01
2007,1,19.9,2007-01-01
2007,2,31.3,2007-02-01
2007,3,49.6,2007-03-01
2007,4,36.3,2007-04-01
2007,5,11.9,2007-05-01
2007,6,7.6,2007-06-01
2007,7,4.8,2007-07-01
2007,8,2.5,2007-08-01
2007,9,2.6,2007-09-01
2007,10,5.0,2007-10-01
2007,11,12.4,2007-11-01
2007,12,21.2,2007-12-01
2008,1,40.4,2008-01-01
2008,2,13.4,2008-02-01
2008,3,4.5,2008-03-01
2008,4,9.1,2008-04-01
2008,5,5.7,2008-05-01
2008,6,2.5,2008-06-01
2008,7,3.0,2008-07-01
2008,8,3.0,2008-08-01
2008,9,7.9,2008-09-01
2008,10,16.4,2008-10-01
2008,11,17.5,2008-11-01
2008,12,22.5,2008-12-01
2009,1,24.9,2009-01-01
2009,2,21.9,2009-02-01
2009,3,41.8,2009-03-01
2009,4,42.4,2009-04-01
2009,5,10.6,2009-05-01
2009,6,8.4,2009-06-01
2009,7,1.2,2009-07-01
2009,8,3.6,2009-08-01
2009,9,12.3,2009-09-01
2009,10,9.9,2009-10-01
2009,11,30.0,2009-11-01
2009,12,36.5,2009-12-01
2010,1,14.1,2010-01-01
2010,2,32.3,2010-02-01
2010,3,21.5,2010-03-01
2010,4,29.6,2010-04-01
2010,5,19.7,2010-05-01
2010,6,3.4,2010-06-01
2010,7,1.1,2010-07-01
2010,8,4.5,2010-08-01
2010,9,3.5,2010-09-01
2010,10,7.3,2010-10-01
2010,11,6.9,2010-11-01
2010,12,5.8,2010-12-01
2011,1,32.6,2011-01-01
2011,2,47.9,2011-02-01
2011,3,26.1,2011-03-01
2011,4,22.0,2011-04-01
2011,5,15.1,2011-05-01
2011,6,4.3,2011-06-01
2011,7,2.4,2011-07-01
2011,8,8.3,2011-08-01
2011,9,8.2,2011-09-01
2011,10,22.1,2011-10-01
2011,11,39.2,2011-11-01
2011,12,3.8,2011-12-01
2012,1,15.7,2012-01-01
2012,2,35.6,2012-02-01
2012,3,20.0,2012-03-01
2012,4,23.0,2012-04-01
2012,5,9.6,2012-05-01
2012,6,6.3,2012-06-01
2012,7,8.1,2012-07-01
2012,8,3.5,2012-08-01
2012,9,4.6,2012-09-01
2012,10,12.7,2012-10-01
2012,11,37.9,2012-11-01
2012,12,40.0,2012-12-01
2013,1,23.7,2013-01-01
2013,2,27.7,2013-02-01
2013,3,26.7,2013-03-01
2013,4,24.8,2013-04-01
2013,5,15.0,2013-05-01
2013,6,3.4,2013-06-01
2013,7,1.3,2013-07-01
2013,8,7.9,2013-08-01
2013,9,3.1,2013-09-01
2013,10,6.7,2013-10-01
2013,11,35.2,2013-11-01
2013,12,24.5,2013-12-01
2014,1,35.7,2014-01-01
2014,2,21.0,2014-02-01
2014,3,33.3,2014-03-01
2014,4,24.1,2014-04-01
2014,5,11.6,2014-05-01
2014,6,3.2,2014-06-01
2014,7,3.2,2014-07-01
2014,8,1.7,2014-08-01
2014,9,3.4,2014-09-01
2014,10,19.4,2014-10-01
2014,11,26.9,2014-11-01
2014,12,16.6,2014-12-01
2015,1,23.9,2015-01-01
2015,2,32.7,2015-02-01
2015,3,39.4,2015-03-01
2015,4,16.3,2015-04-01
2015,5,14.9,2015-05-01
2015,6,1.7,2015-06-01
2015,7,6.3,2015-07-01
2015,8,4.6,2015-08-01
2015,9,5.7,2015-09-01
2015,10,17.5,2015-10-01
2015,11,18.9,2015-11-01
2015,12,33.1,2015-12-01
2016,1,26.6,2016-01-01
2016,2,21.6,2016-02-01
2016,3,36.8,2016-03-01
2016,4,31.3,2016-04-01
2016,5,16.4,2016-05-01
2016,6,6.0,2016-06-01
2016,7,6.6,2016-07-01
2016,8,0.9,2016-08-01
2016,9,5.7,2016-09-01
2016,10,9.1,2016-10-01
2016,11,12.6,2016-11-01
2016,12,24.9,2016-12-01
2017,1,34.5,2017-01-01
2017,2,36.8,2017-02-01
2017,3,38.0,2017-03-01
2017,4,22.6,2017-04-01
2017,5,18.1,2017-05-01
2017,6,2.7,2017-06-01
2017,7,3.2,2017-07-01
2017,8,2.5,2017-08-01
2017,9,3.3,2017-09-01
2017,10,8.9,2017-10-01
2017,11,15.4,2017-11-01
2017,12,12.7,2017-12-01
2018,1,20.3,2018-01-01
2018,2,32.6,2018-02-01
2018,3,19.7,2018-03-01
2018,4,35.1,2018-04-01
2018,5,25.0,2018-05-01
2018,6,5.2,2018-06-01
2018,7,2.0,2018-07-01
2018,8,2.4,2018-08-01
2018,9,3.2,2018-09-01
2018,10,15.8,2018-10-01
2018,11,31.4,2018-11-01
2018,12,24.0,2018-12-01
2019,1,39.3,2019-01-01
2019,2,33.9,2019-02-01
2019,3,54.6,2019-03-01
2019,4,45.8,2019-04-01
2019,5,18.7,2019-05-01
2019,6,3.3,2019-06-01
2019,7,2.8,2019-07-01
2019,8,2.4,2019-08-01
2019,9,4.5,2019-09-01
2019,10,9.4,2019-10-01
2019,11,18.1,2019-11-01
2019,12,27.6,2019-12-01
2020,1,38.6,2020-01-01
2020,2,30.4,2020-02-01
2020,3,42.5,2020-03-01
2020,4,50.1,2020-04-01
2020,5,15.1,2020-05-01
2020,6,2.0,2020-06-01
2020,7,3.9,2020-07-01
2020,8,7.1,2020-08-01
2020,9,1.4,2020-09-01
2020,10,7.3,2020-10-01
2020,11,32.3,2020-11-01
2020,12,28.1,2020-12-01
2021,1,14.1,2021-01-01
2021,2,21.5,2021-02-01
2021,3,24.2,2021-03-01
2021,4,11.0,2021-04-01
2021,5,14.8,2021-05-01
2021,6,1.1,2021-06-01
2021,7,6.0,2021-07-01
2021,8,5.0,2021-08-01
2021,9,3.0,2021-09-01
2021,10,9.6,2021-10-01
2021,11,14.2,2021-11-01
2021,12,21.3,2021-12-01
2022,1,36.6,2022-01-01
2022,2,20.5,2022-02-01
2022,3,22.2,2022-03-01
2022,4,23.4,2022-04-01
2022,5,16.6,2022-05-01
2022,6,2.8,2022-06-01
2022,7,6.0,2022-07-01
2022,8,1.6,2022-08-01
2022,9,5.0,2022-09-01
2022,10,6.7,2022-10-01
2022,11,16.8,2022-11-01
2022,12,27.9,2022-12-01
2023,1,37.2,2023-01-01
2023,2,28.6,2023-02-01
2023,3,29.5,2023-03-01
2023,4,26.0,2023-04-01
2023,5,19.3,2023-05-01
2023,6,7.6,2023-06-01
2023,7,3.4,2023-07-01
2023,8,3.8,2023-08-01
2023,9,4.2,2023-09-01
2023,10,9.4,2023-10-01
2023,11,16.1,2023-11-01
2023,12,18.5,2023-12-01
